id,full_name,title,seniority,company,company_city,industry,company_size,company_size_est,english_need_score,lead_score,pain_point,english_need_reason,outreach_angle,linkedin_url,email,status,first_name,last_name,source,created_at,updated_at
88,Burak Erdoğan,Organizasyonel Gelişim Müdürü,Director,EY Türkiye,İstanbul,Danışmanlık / Denetim & Danışmanlık (Big4),201-500,335,10,95,"EY Türkiye'da uluslararası proje ekiplerinde görev alan danışmanların küresel metodoloji dokümanlarını, vaka çalışmalarını ve müşteri sunumlarını akıcı İngilizce ile üretememesi kariyer ilerleyişini ve proje kalitesini doğrudan etkiliyor.","EY Türkiye özelinde: Global metodoloji standartları, uluslararası proje ekipleri ve yabancı müşteri raporlamaları zorunlu İngilizce kullanımı gerektirir.",Yeni konsültanların onboarding sürecini hızlandırmak için İngilizce yetkinliği bir verimlilik yatırımı olarak konumlandır.,https://www.linkedin.com/in/burak-erdogan-38,burak.erdogan@eyturkiye.net,enriched,Burak,Erdoğan,mock_generator,2026-06-04 23:10:56,2026-06-04 23:10:57
6,Neslihan Gündüz,People & Culture Manager,Director,Hepsiburada,İstanbul,E-ticaret / Marketplace,500+,4240,10,94,"Hepsiburada'ın büyüme sürecinde uluslararası paydaşlarla iletişim kurulmasını gerektiren projelerde ekiplerin İngilizce iletişim güveninin yetersizliği, fırsatların değerlendirilmesini zorlaştırıyor.","Hepsiburada özelinde: Cross-border satıcı onboarding, global lojistik ortakları ve uluslararası genişleme operasyonları.",Çalışan gelişim bütçesinin İngilizce eğitimine ayrılan kısmının ölçülebilir iş çıktısına nasıl dönüştüğünü ROI diliyle anlat.,https://www.linkedin.com/in/neslihan-gunduz,neslihan.gunduz@hepsiburada.net,enriched,Neslihan,Gündüz,mock_generator,2026-06-04 23:10:56,2026-06-04 23:10:56
21,Ahmet Karakoç,İK Müdürü,Director,Netlog,Ankara,Lojistik / Tedarik Zinciri,201-500,864,10,94,"Yabancı havayolu, deniz taşımacılığı ve gümrük acenteleriyle Netlog operasyon ekibinin günlük yazışmaları İngilizce yürütülüyor; gerçek zamanlı konuşma güveni olmadan iletişim kopuklukları kaçınılmaz oluyor.","Netlog özelinde: Gümrük dokümantasyonu, uluslararası taşıma hukuku yazışmaları ve yabancı hub koordinasyonu.",Yabancı lojistik ortakları ve gümrük süreçlerindeki günlük İngilizce kullanımı somut bir problem olarak çerçevele.,,,enriched,Ahmet,Karakoç,mock_generator,2026-06-04 23:10:56,2026-06-04 23:10:56
89,Ayşe Ceylan,İnsan Kaynakları Müdürü,Director,PwC Türkiye,İstanbul,Danışmanlık / Denetim & Vergi (Big4),500+,2808,10,93,"PwC Türkiye bünyesindeki yeni danışmanlar global firmadan gelen İngilizce proje brief'leri, deliverable template'leri ve müşteri yazışmalarını hızlı şekilde özümsemekte zorlanıyor.","PwC Türkiye özelinde: Global metodoloji standartları, uluslararası proje ekipleri ve yabancı müşteri raporlamaları zorunlu İngilizce kullanımı gerektirir.",Yeni konsültanların onboarding sürecini hızlandırmak için İngilizce yetkinliği bir verimlilik yatırımı olarak konumlandır.,https://www.linkedin.com/in/ayse-ceylan,,enriched,Ayşe,Ceylan,mock_generator,2026-06-04 23:10:56,2026-06-04 23:10:57
3,Onur Boz,Learning & Development Director,Director,Craftgate,Ankara,Fintech / Ödeme Altyapısı,51-200,189,9,91,"Uluslararası yatırımcı görüşmelerinde ve due diligence süreçlerinde Craftgate ekibinin İngilizce sözlü iletişim yetkinliğindeki boşluk, güven ve profesyonellik algısını olumsuz etkiliyor.","Craftgate özelinde: Uluslararası ödeme ağları (SWIFT, SEPA), Avrupa düzenleyici kurumlarıyla yazışmalar ve yabancı yatırımcı raporlamaları.",Avrupa genişleme hedefleri veya yatırımcı pitch süreçleri üzerinden konuş — İngilizce yetkinliği bu aşamada somut ROI'a dönüşüyor.,https://www.linkedin.com/in/onur-boz-tr,onur.b@craftgate.net,enriched,Onur,Boz,mock_generator,2026-06-04 23:10:56,2026-06-04 23:10:56
39,Mehmet Aksoy,Senior İK Uzmanı,Senior,Netas,Antalya,Teknoloji / Sistem Entegrasyonu,201-500,554,10,91,"Netas'da çalışanların İngilizce kaynaklara (teknik dokümantasyon, API referans, partner portalları) doğrudan erişim kapasitesi, ürün geliştirme döngüsünü ve öğrenme hızını belirliyor.","Netas özelinde: Küresel müşteri portföyü, İngilizce ürün dokümantasyonu ve uluslararası satış döngüleri.",Ürünü uluslararası pazara sunarken veya yabancı teknik ortaklarla çalışırken İngilizce konuşma güveninin hız ve kaliteye katkısını öne çıkar.,https://www.linkedin.com/in/mehmet-aksoy-tr,mehmet.aksoy@netas.com,enriched,Mehmet,Aksoy,mock_generator,2026-06-04 23:10:56,2026-06-04 23:10:57
86,Selin Kurt,HR Director,Director,Odeabank,Adana,Bankacılık / Özel Banka,500+,11779,10,91,"Denetim ve uyum süreçlerinde (FATCA, CRS, Basel III) Odeabank çalışanlarının yabancı denetçiler ve muhabir bankalarla İngilizce yazışma kapasitesi yetersiz kaldığında ciddi operasyonel riskler doğuyor.","Odeabank özelinde: Muhabir bankacılık, uluslararası kredi sendikasyonları, FATCA/CRS uyum yazışmaları.","Denetim süreçlerinde (FATCA, CRS) İngilizce belgelerle çalışmanın günlük iş yükü oluşturduğunu kabul et, çözümü ROI üzerinden sun.",,skurt@odeabank.net,enriched,Selin,Kurt,mock_generator,2026-06-04 23:10:56,2026-06-04 23:10:57
13,Kemal Işık,Compensation & Benefits Manager,Senior,Yurtiçi Kargo,Ankara,Lojistik / Yurt İçi Kargo,500+,9042,10,89,"Yurtiçi Kargo'ın uluslararası kargo ve gümrük süreçlerinde çalışan ekipler İngilizce teslim belgeleri, B/L, AWB gibi kritik dokümantasyonu hata yapmadan işlemek zorunda — bu yetkinlik eksikliği ciddi gecikme ve ceza risklerine yol açıyor.","Yurtiçi Kargo özelinde: Gümrük dokümantasyonu, uluslararası taşıma hukuku yazışmaları ve yabancı hub koordinasyonu.",Uluslararası kargo operasyonlarında dokümantasyon hataları ve gecikme maliyetleri üzerinden konuş — İngilizce yetkinlik direkt operasyonel tasarrufa dönüşüyor.,https://www.linkedin.com/in/kemal-isik-16,kisik@yurticikargo.net,enriched,Kemal,Işık,mock_generator,2026-06-04 23:10:56,2026-06-04 23:10:56
100,Tuğba Türk,People Operations Manager,Senior,EY Türkiye,İstanbul,Danışmanlık / Denetim & Danışmanlık (Big4),201-500,540,10,87,"EY Türkiye'da uluslararası proje ekiplerinde görev alan danışmanların küresel metodoloji dokümanlarını, vaka çalışmalarını ve müşteri sunumlarını akıcı İngilizce ile üretememesi kariyer ilerleyişini ve proje kalitesini doğrudan etkiliyor.","EY Türkiye özelinde: Global metodoloji standartları, uluslararası proje ekipleri ve yabancı müşteri raporlamaları zorunlu İngilizce kullanımı gerektirir.",Yeni konsültanların onboarding sürecini hızlandırmak için İngilizce yetkinliği bir verimlilik yatırımı olarak konumlandır.,https://www.linkedin.com/in/tugba-turk,tugba@eyturkiye.com,enriched,Tuğba,Türk,mock_generator,2026-06-04 23:10:56,2026-06-04 23:10:57
79,Tuğba Boz,İnsan Kaynakları Müdürü,Director,Bahçeşehir Üniversitesi,Antalya,Yükseköğretim / Vakıf Üniversitesi,201-500,1292,10,86,"Bahçeşehir Üniversitesi'da çalışanların İngilizce konuşma pratiğine sistematik erişimi olmadığından, yabancı müşteri/ortak toplantılarına hazırlık ciddi ölçüde zaman alıyor.","Bahçeşehir Üniversitesi özelinde: Uluslararası araştırma işbirlikleri, Erasmus+ koordinasyonu ve akademik yayınlar.",Çalışan gelişim bütçesinin İngilizce eğitimine ayrılan kısmının ölçülebilir iş çıktısına nasıl dönüştüğünü ROI diliyle anlat.,https://www.linkedin.com/in/tugba-boz-tr,tugba.b@bahcesehiruniversite.com,enriched,Tuğba,Boz,mock_generator,2026-06-04 23:10:56,2026-06-04 23:10:57
84,Sibel Karakoç,Learning & Development Director,Director,McKinsey Türkiye,Antalya,Danışmanlık / Strateji (MBB),51-200,53,9,86,"McKinsey Türkiye bünyesindeki yeni danışmanlar global firmadan gelen İngilizce proje brief'leri, deliverable template'leri ve müşteri yazışmalarını hızlı şekilde özümsemekte zorlanıyor.","McKinsey Türkiye özelinde: Tüm proje deliverable'ları, yönetim sunumları ve global firma standartları İngilizce.",Global metodoloji akreditasyonu veya yabancı müşteri kazanımı odağında yaklaş — bunlar danışmanlık firmalarının en değer verdiği İngilizce kullanım alanları.,https://www.linkedin.com/in/sibel-karakoc-tr,sibel.karakoc@mckinseyturkiye.com,enriched,Sibel,Karakoç,mock_generator,2026-06-04 23:10:56,2026-06-04 23:10:57
18,Emre Sönmez,People Operations Manager,Senior,McKinsey Türkiye,Kocaeli,Danışmanlık / Strateji (MBB),51-200,250,9,85,"Yabancı müşteri toplantılarında ve global pitch süreçlerinde McKinsey Türkiye danışmanlarının İngilizce gerçek zamanlı iletişim güveni, kazanma oranını doğrudan belirliyor.","McKinsey Türkiye özelinde: Tüm proje deliverable'ları, yönetim sunumları ve global firma standartları İngilizce.",Yeni konsültanların onboarding sürecini hızlandırmak için İngilizce yetkinliği bir verimlilik yatırımı olarak konumlandır.,https://www.linkedin.com/in/emre-sonmez-28,emre@mckinseyturkiye.com.tr,enriched,Emre,Sönmez,mock_generator,2026-06-04 23:10:56,2026-06-04 23:10:56
44,Sibel Erdem,Chief People Officer,C-Level,MNG Kargo,Ankara,Lojistik / Yurt İçi Kargo,500+,5252,8,85,"MNG Kargo'ın uluslararası kargo ve gümrük süreçlerinde çalışan ekipler İngilizce teslim belgeleri, B/L, AWB gibi kritik dokümantasyonu hata yapmadan işlemek zorunda — bu yetkinlik eksikliği ciddi gecikme ve ceza risklerine yol açıyor.","MNG Kargo özelinde: Gümrük dokümantasyonu, uluslararası taşıma hukuku yazışmaları ve yabancı hub koordinasyonu.",Yabancı lojistik ortakları ve gümrük süreçlerindeki günlük İngilizce kullanımı somut bir problem olarak çerçevele.,https://www.linkedin.com/in/sibel-erdem,sibel@mngkargo.net,enriched,Sibel,Erdem,mock_generator,2026-06-04 23:10:56,2026-06-04 23:10:57
61,Ali Mutlu,Learning & Development Manager,Senior,Iyzico,İstanbul,Fintech / Ödeme Sistemleri,201-500,599,9,85,"Iyzico'ın hızlı büyüme sürecinde yeni işe alınan ekip üyelerinin uluslararası ödeme standartları (SWIFT, SEPA, PSD2) terminolojisine hâkim olmadan yabancı banka ve regülatörlerle yazışma yapması kritik hataları beraberinde getiriyor.","Iyzico özelinde: Uluslararası ödeme ağları (SWIFT, SEPA), Avrupa düzenleyici kurumlarıyla yazışmalar ve yabancı yatırımcı raporlamaları.","Uluslararası ödeme standartları (PSD2, SEPA) uyum süreçlerinde İngilizce konuşma pratiğinin operasyonel riski nasıl azalttığını somutlaştır.",https://www.linkedin.com/in/ali-mutlu-42,ali@iyzico.net,enriched,Ali,Mutlu,mock_generator,2026-06-04 23:10:56,2026-06-04 23:10:57
97,Elif Koç,People Operations Manager,Senior,BCG Türkiye,Antalya,Danışmanlık / Strateji (MBB),51-200,98,9,85,"Yabancı müşteri toplantılarında ve global pitch süreçlerinde BCG Türkiye danışmanlarının İngilizce gerçek zamanlı iletişim güveni, kazanma oranını doğrudan belirliyor.","BCG Türkiye özelinde: Tüm proje deliverable'ları, yönetim sunumları ve global firma standartları İngilizce.",Global metodoloji akreditasyonu veya yabancı müşteri kazanımı odağında yaklaş — bunlar danışmanlık firmalarının en değer verdiği İngilizce kullanım alanları.,https://www.linkedin.com/in/elif-koc-60,,enriched,Elif,Koç,mock_generator,2026-06-04 23:10:56,2026-06-04 23:10:57
56,Esra Sönmez,HR Generalist,Mid,PwC Türkiye,Antalya,Danışmanlık / Denetim & Vergi (Big4),500+,2217,10,83,"Yabancı müşteri toplantılarında ve global pitch süreçlerinde PwC Türkiye danışmanlarının İngilizce gerçek zamanlı iletişim güveni, kazanma oranını doğrudan belirliyor.","PwC Türkiye özelinde: Global metodoloji standartları, uluslararası proje ekipleri ve yabancı müşteri raporlamaları zorunlu İngilizce kullanımı gerektirir.",Global metodoloji akreditasyonu veya yabancı müşteri kazanımı odağında yaklaş — bunlar danışmanlık firmalarının en değer verdiği İngilizce kullanım alanları.,https://www.linkedin.com/in/esra-sonmez-tr,esra@pwcturkiye.net,enriched,Esra,Sönmez,mock_generator,2026-06-04 23:10:56,2026-06-04 23:10:57
45,Selin Kurt,Senior Talent Acquisition Specialist,Senior,Armut,İstanbul,Teknoloji / Hizmet Marketplace,51-200,153,9,82,"Teknik ekiplerin uluslararası konferanslarda sunum yapması, açık kaynak topluluklarına katkı sağlaması ve yabancı müşteriyle teknik görüşme yürütmesi için Armut'da sistematik bir İngilizce gelişim programına ihtiyaç var.","Armut özelinde: Küresel müşteri portföyü, İngilizce ürün dokümantasyonu ve uluslararası satış döngüleri.","Şirketin GitHub, Stack Overflow veya uluslararası konferanslardaki görünürlüğüne değin — teknik topluluklarda İngilizce varlık rekabet avantajı.",,selin@armut.com,enriched,Selin,Kurt,mock_generator,2026-06-04 23:10:56,2026-06-04 23:10:57
91,Neslihan Karaca,Organizasyonel Gelişim Uzmanı,Mid,Dream Games,İstanbul,Oyun / Mobil Oyun Geliştirme,201-500,794,10,81,"Dream Games oyun stüdyosunda tüm teknik dokümantasyon, global yayıncı iletişimi (App Store, Google Play) ve uluslararası iş görüşmeleri İngilizce yürütülüyor; yeni işe alınan yeteneklerin bu ekosisteme hızla adapte olması kritik.","Dream Games özelinde: Tüm teknik ve yaratıcı süreçler İngilizce yürütülür; global yayıncı-platform (App Store, Google Play) ilişkileri.",Şirketin uluslararası büyüme hedeflerini referans vererek İngilizce yetkinliğini stratejik bir HR yatırımı olarak konumlandır.,https://www.linkedin.com/in/neslihan-karaca-41,neslihan.karaca@dreamgames.com,enriched,Neslihan,Karaca,mock_generator,2026-06-04 23:10:56,2026-06-04 23:10:57
9,Zeynep Çakır,İşe Alım Uzmanı,Mid,Iyzico,Gaziantep,Fintech / Ödeme Sistemleri,201-500,528,10,80,"Iyzico bünyesinde Avrupa pazarına açılım sürecinde ürün ve teknik ekiplerin İngilizce toplantı, demo ve investor deck hazırlama konusundaki güven eksikliği ilerleyişi yavaşlatıyor.","Iyzico özelinde: Uluslararası ödeme ağları (SWIFT, SEPA), Avrupa düzenleyici kurumlarıyla yazışmalar ve yabancı yatırımcı raporlamaları.",Avrupa genişleme hedefleri veya yatırımcı pitch süreçleri üzerinden konuş — İngilizce yetkinliği bu aşamada somut ROI'a dönüşüyor.,,zeynep.c@iyzico.com,enriched,Zeynep,Çakır,mock_generator,2026-06-04 23:10:56,2026-06-04 23:10:56
75,Mustafa Korkmaz,İK Generalist,Mid,Iyzico,Bursa,Fintech / Ödeme Sistemleri,201-500,289,10,80,"Iyzico'ın hızlı büyüme sürecinde yeni işe alınan ekip üyelerinin uluslararası ödeme standartları (SWIFT, SEPA, PSD2) terminolojisine hâkim olmadan yabancı banka ve regülatörlerle yazışma yapması kritik hataları beraberinde getiriyor.","Iyzico özelinde: Uluslararası ödeme ağları (SWIFT, SEPA), Avrupa düzenleyici kurumlarıyla yazışmalar ve yabancı yatırımcı raporlamaları.",Avrupa genişleme hedefleri veya yatırımcı pitch süreçleri üzerinden konuş — İngilizce yetkinliği bu aşamada somut ROI'a dönüşüyor.,,mustafa.korkmaz@iyzico.com,enriched,Mustafa,Korkmaz,mock_generator,2026-06-04 23:10:56,2026-06-04 23:10:57
76,Arzu Nalbant,People Operations Manager,Senior,İş Bankası,Kocaeli,Bankacılık / Özel Banka,500+,16620,9,80,İş Bankası'ın yabancı sermayeli yapısı gereği merkez şirketle tüm raporlama süreçleri İngilizce yürütülüyor; yönetim kademesinden uyum ve risk ekiplerine kadar geniş bir İngilizce yetkinlik ihtiyacı var.,"İş Bankası özelinde: Muhabir bankacılık, uluslararası kredi sendikasyonları, FATCA/CRS uyum yazışmaları.","Denetim süreçlerinde (FATCA, CRS) İngilizce belgelerle çalışmanın günlük iş yükü oluşturduğunu kabul et, çözümü ROI üzerinden sun.",https://www.linkedin.com/in/arzu-nalbant-16,arzu@i̇sbankasi.net,enriched,Arzu,Nalbant,mock_generator,2026-06-04 23:10:56,2026-06-04 23:10:57
82,Büşra Bozkurt,İK Müdürü,Director,Netlog,İstanbul,Lojistik / Tedarik Zinciri,201-500,390,8,80,"Netlog'ın uluslararası kargo ve gümrük süreçlerinde çalışan ekipler İngilizce teslim belgeleri, B/L, AWB gibi kritik dokümantasyonu hata yapmadan işlemek zorunda — bu yetkinlik eksikliği ciddi gecikme ve ceza risklerine yol açıyor.","Netlog özelinde: Gümrük dokümantasyonu, uluslararası taşıma hukuku yazışmaları ve yabancı hub koordinasyonu.",Uluslararası kargo operasyonlarında dokümantasyon hataları ve gecikme maliyetleri üzerinden konuş — İngilizce yetkinlik direkt operasyonel tasarrufa dönüşüyor.,,busra.b@netlog.com.tr,enriched,Büşra,Bozkurt,mock_generator,2026-06-04 23:10:56,2026-06-04 23:10:57
31,Eren Sönmez,Talent Acquisition Director,Director,UPS Türkiye,İstanbul,Lojistik / Uluslararası Kargo,500+,3120,8,79,"Yabancı havayolu, deniz taşımacılığı ve gümrük acenteleriyle UPS Türkiye operasyon ekibinin günlük yazışmaları İngilizce yürütülüyor; gerçek zamanlı konuşma güveni olmadan iletişim kopuklukları kaçınılmaz oluyor.","UPS Türkiye özelinde: Gümrük dokümantasyonu, uluslararası taşıma hukuku yazışmaları ve yabancı hub koordinasyonu.",Uluslararası kargo operasyonlarında dokümantasyon hataları ve gecikme maliyetleri üzerinden konuş — İngilizce yetkinlik direkt operasyonel tasarrufa dönüşüyor.,https://www.linkedin.com/in/eren-sonmez,eren.sonmez@upsturkiye.net,enriched,Eren,Sönmez,mock_generator,2026-06-04 23:10:56,2026-06-04 23:10:56
53,Hüseyin Kaplan,İşe Alım Uzmanı,Mid,N11,İstanbul,E-ticaret / Marketplace,500+,3875,10,79,"N11'ın büyüme sürecinde uluslararası paydaşlarla iletişim kurulmasını gerektiren projelerde ekiplerin İngilizce iletişim güveninin yetersizliği, fırsatların değerlendirilmesini zorlaştırıyor.","N11 özelinde: Cross-border satıcı onboarding, global lojistik ortakları ve uluslararası genişleme operasyonları.",Çalışan gelişim bütçesinin İngilizce eğitimine ayrılan kısmının ölçülebilir iş çıktısına nasıl dönüştüğünü ROI diliyle anlat.,https://www.linkedin.com/in/huseyin-kaplan-72,,enriched,Hüseyin,Kaplan,mock_generator,2026-06-04 23:10:56,2026-06-04 23:10:57
29,Yasemin Güzel,Recruiter,Mid,McKinsey Türkiye,Kocaeli,Danışmanlık / Strateji (MBB),51-200,216,10,78,"Yabancı müşteri toplantılarında ve global pitch süreçlerinde McKinsey Türkiye danışmanlarının İngilizce gerçek zamanlı iletişim güveni, kazanma oranını doğrudan belirliyor.","McKinsey Türkiye özelinde: Tüm proje deliverable'ları, yönetim sunumları ve global firma standartları İngilizce.",Yeni konsültanların onboarding sürecini hızlandırmak için İngilizce yetkinliği bir verimlilik yatırımı olarak konumlandır.,https://www.linkedin.com/in/yasemin-guzel-43,yasemin.guzel@mckinseyturkiye.com.tr,enriched,Yasemin,Güzel,mock_generator,2026-06-04 23:10:56,2026-06-04 23:10:56
47,Cem Güler,Organizasyonel Gelişim Müdürü,Director,Vakıfbank,İzmir,Bankacılık / Kamu Bankası,500+,43176,8,78,Vakıfbank'da muhabir bankacılık ve uluslararası sendikasyon kredisi süreçlerinde çalışan ekiplerin SWIFT mesajlaşma standartları ve İngilizce kredi dokümantasyonunu hatasız yönetmesi giderek daha kritik hale geliyor.,"Vakıfbank özelinde: Uluslararası finansman anlaşmaları, AB fonları yazışmaları, yabancı muhabir banka ilişkileri.",Muhabir bankacılık veya yabancı sermaye iletişim süreçlerini referans ver — bunlar İngilizce ihtiyacının en somut kanıtı.,,cem.guler@vakifbank.com,enriched,Cem,Güler,mock_generator,2026-06-04 23:10:56,2026-06-04 23:10:57
85,Yasemin Karaca,Talent Acquisition Director,Director,Garanti BBVA,İstanbul,Bankacılık / Özel Banka,500+,10452,8,78,Garanti BBVA'da muhabir bankacılık ve uluslararası sendikasyon kredisi süreçlerinde çalışan ekiplerin SWIFT mesajlaşma standartları ve İngilizce kredi dokümantasyonunu hatasız yönetmesi giderek daha kritik hale geliyor.,"Garanti BBVA özelinde: Muhabir bankacılık, uluslararası kredi sendikasyonları, FATCA/CRS uyum yazışmaları.","Denetim süreçlerinde (FATCA, CRS) İngilizce belgelerle çalışmanın günlük iş yükü oluşturduğunu kabul et, çözümü ROI üzerinden sun.",https://www.linkedin.com/in/yasemin-karaca-86,yasemin@garantibbva.com,enriched,Yasemin,Karaca,mock_generator,2026-06-04 23:10:56,2026-06-04 23:10:57
28,Sibel Şahin,People & Culture Manager,Director,Kariyer.net,Antalya,İK Teknolojisi / İşe Alım Platformu,51-200,211,8,77,"Kariyer.net'ın büyüme sürecinde uluslararası paydaşlarla iletişim kurulmasını gerektiren projelerde ekiplerin İngilizce iletişim güveninin yetersizliği, fırsatların değerlendirilmesini zorlaştırıyor.",Kariyer.net özelinde: İK Teknolojisi / İşe Alım Platformu sektöründe uluslararası iş ilişkileri ve yabancı ortaklıklar.,Çalışan gelişim bütçesinin İngilizce eğitimine ayrılan kısmının ölçülebilir iş çıktısına nasıl dönüştüğünü ROI diliyle anlat.,,sibel.s@kariyernet.com.tr,enriched,Sibel,Şahin,mock_generator,2026-06-04 23:10:56,2026-06-04 23:10:56
41,Deniz Koç,People Operations Manager,Senior,Udemy Türkiye,Bursa,Eğitim Teknolojisi / Online Öğrenme,51-200,215,9,77,"Udemy Türkiye'ın büyüme sürecinde uluslararası paydaşlarla iletişim kurulmasını gerektiren projelerde ekiplerin İngilizce iletişim güveninin yetersizliği, fırsatların değerlendirilmesini zorlaştırıyor.","Udemy Türkiye özelinde: İçerik üretim süreçleri, global platform entegrasyonları ve uluslararası eğitmen iletişimi.",Şirketin uluslararası büyüme hedeflerini referans vererek İngilizce yetkinliğini stratejik bir HR yatırımı olarak konumlandır.,,,enriched,Deniz,Koç,mock_generator,2026-06-04 23:10:56,2026-06-04 23:10:57
48,Selin Kaya,Recruiter,Mid,EY Türkiye,Gaziantep,Danışmanlık / Denetim & Danışmanlık (Big4),201-500,311,10,77,"Yabancı müşteri toplantılarında ve global pitch süreçlerinde EY Türkiye danışmanlarının İngilizce gerçek zamanlı iletişim güveni, kazanma oranını doğrudan belirliyor.","EY Türkiye özelinde: Global metodoloji standartları, uluslararası proje ekipleri ve yabancı müşteri raporlamaları zorunlu İngilizce kullanımı gerektirir.",Global metodoloji akreditasyonu veya yabancı müşteri kazanımı odağında yaklaş — bunlar danışmanlık firmalarının en değer verdiği İngilizce kullanım alanları.,https://www.linkedin.com/in/selin-kaya,selin.k@eyturkiye.com.tr,enriched,Selin,Kaya,mock_generator,2026-06-04 23:10:56,2026-06-04 23:10:57
12,Taner Polat,Organizasyonel Gelişim Uzmanı,Mid,Ekol Lojistik,Gaziantep,Lojistik / Uluslararası Karayolu,500+,2966,10,74,"Yabancı havayolu, deniz taşımacılığı ve gümrük acenteleriyle Ekol Lojistik operasyon ekibinin günlük yazışmaları İngilizce yürütülüyor; gerçek zamanlı konuşma güveni olmadan iletişim kopuklukları kaçınılmaz oluyor.","Ekol Lojistik özelinde: Gümrük dokümantasyonu, uluslararası taşıma hukuku yazışmaları ve yabancı hub koordinasyonu.",Yabancı lojistik ortakları ve gümrük süreçlerindeki günlük İngilizce kullanımı somut bir problem olarak çerçevele.,https://www.linkedin.com/in/taner-polat-tr,tpolat@ekollojistik.com.tr,enriched,Taner,Polat,mock_generator,2026-06-04 23:10:56,2026-06-04 23:10:56
42,Barış Eker,Compensation & Benefits Manager,Senior,Papara,Ankara,Fintech / Ödeme Sistemleri,201-500,274,8,74,"Uluslararası yatırımcı görüşmelerinde ve due diligence süreçlerinde Papara ekibinin İngilizce sözlü iletişim yetkinliğindeki boşluk, güven ve profesyonellik algısını olumsuz etkiliyor.","Papara özelinde: Uluslararası ödeme ağları (SWIFT, SEPA), Avrupa düzenleyici kurumlarıyla yazışmalar ve yabancı yatırımcı raporlamaları.",Avrupa genişleme hedefleri veya yatırımcı pitch süreçleri üzerinden konuş — İngilizce yetkinliği bu aşamada somut ROI'a dönüşüyor.,https://www.linkedin.com/in/baris-eker-tr,,enriched,Barış,Eker,mock_generator,2026-06-04 23:10:56,2026-06-04 23:10:57
5,Hüseyin Demir,People Operations Manager,Senior,Apsiyon,Adana,Teknoloji / Gayrimenkul Yönetim SaaS,51-200,164,8,73,"Apsiyon'ın global büyüme sürecinde ürün, pazarlama ve satış ekiplerinin İngilizce demo, onboarding materyali ve müşteri yazışmaları üretmedeki yetersizliği yeni pazarlara açılım hızını frenliyor.","Apsiyon özelinde: Küresel müşteri portföyü, İngilizce ürün dokümantasyonu ve uluslararası satış döngüleri.",Ürünü uluslararası pazara sunarken veya yabancı teknik ortaklarla çalışırken İngilizce konuşma güveninin hız ve kaliteye katkısını öne çıkar.,https://www.linkedin.com/in/huseyin-demir-52,,enriched,Hüseyin,Demir,mock_generator,2026-06-04 23:10:56,2026-06-04 23:10:56
19,Pınar Başaran,Senior Talent Acquisition Specialist,Senior,Odeabank,İstanbul,Bankacılık / Özel Banka,500+,18263,9,73,"Denetim ve uyum süreçlerinde (FATCA, CRS, Basel III) Odeabank çalışanlarının yabancı denetçiler ve muhabir bankalarla İngilizce yazışma kapasitesi yetersiz kaldığında ciddi operasyonel riskler doğuyor.","Odeabank özelinde: Muhabir bankacılık, uluslararası kredi sendikasyonları, FATCA/CRS uyum yazışmaları.","Denetim süreçlerinde (FATCA, CRS) İngilizce belgelerle çalışmanın günlük iş yükü oluşturduğunu kabul et, çözümü ROI üzerinden sun.",https://www.linkedin.com/in/pinar-basaran-14,,enriched,Pınar,Başaran,mock_generator,2026-06-04 23:10:56,2026-06-04 23:10:56
30,Sibel Kaplan,People Operations Manager,Senior,Yurtiçi Kargo,Ankara,Lojistik / Yurt İçi Kargo,500+,8798,8,73,"Yabancı havayolu, deniz taşımacılığı ve gümrük acenteleriyle Yurtiçi Kargo operasyon ekibinin günlük yazışmaları İngilizce yürütülüyor; gerçek zamanlı konuşma güveni olmadan iletişim kopuklukları kaçınılmaz oluyor.","Yurtiçi Kargo özelinde: Gümrük dokümantasyonu, uluslararası taşıma hukuku yazışmaları ve yabancı hub koordinasyonu.",Yabancı lojistik ortakları ve gümrük süreçlerindeki günlük İngilizce kullanımı somut bir problem olarak çerçevele.,https://www.linkedin.com/in/sibel-kaplan,sibel.kaplan@yurticikargo.com,enriched,Sibel,Kaplan,mock_generator,2026-06-04 23:10:56,2026-06-04 23:10:56
55,Serkan Güneş,Eğitim ve Gelişim Uzmanı,Mid,BCG Türkiye,İstanbul,Danışmanlık / Strateji (MBB),51-200,61,9,73,"BCG Türkiye'da uluslararası proje ekiplerinde görev alan danışmanların küresel metodoloji dokümanlarını, vaka çalışmalarını ve müşteri sunumlarını akıcı İngilizce ile üretememesi kariyer ilerleyişini ve proje kalitesini doğrudan etkiliyor.","BCG Türkiye özelinde: Tüm proje deliverable'ları, yönetim sunumları ve global firma standartları İngilizce.",Global metodoloji akreditasyonu veya yabancı müşteri kazanımı odağında yaklaş — bunlar danışmanlık firmalarının en değer verdiği İngilizce kullanım alanları.,https://www.linkedin.com/in/serkan-gunes-30,,enriched,Serkan,Güneş,mock_generator,2026-06-04 23:10:56,2026-06-04 23:10:57
83,Tarık Güneş,HRBP,Mid,ING Türkiye,Ankara,Bankacılık / Yabancı Sermayeli,500+,7742,9,72,ING Türkiye'da muhabir bankacılık ve uluslararası sendikasyon kredisi süreçlerinde çalışan ekiplerin SWIFT mesajlaşma standartları ve İngilizce kredi dokümantasyonunu hatasız yönetmesi giderek daha kritik hale geliyor.,"ING Türkiye özelinde: Merkez şirketle (yabancı) sürekli İngilizce raporlama, global standart uyum ve audit süreçleri.","Denetim süreçlerinde (FATCA, CRS) İngilizce belgelerle çalışmanın günlük iş yükü oluşturduğunu kabul et, çözümü ROI üzerinden sun.",https://www.linkedin.com/in/tarik-gunes,tarik.gunes@ingturkiye.com.tr,enriched,Tarık,Güneş,mock_generator,2026-06-04 23:10:56,2026-06-04 23:10:57
67,Furkan Zorlu,Talent Acquisition Specialist,Mid,Vakıfbank,Ankara,Bankacılık / Kamu Bankası,500+,54192,9,70,Vakıfbank'da muhabir bankacılık ve uluslararası sendikasyon kredisi süreçlerinde çalışan ekiplerin SWIFT mesajlaşma standartları ve İngilizce kredi dokümantasyonunu hatasız yönetmesi giderek daha kritik hale geliyor.,"Vakıfbank özelinde: Uluslararası finansman anlaşmaları, AB fonları yazışmaları, yabancı muhabir banka ilişkileri.","Denetim süreçlerinde (FATCA, CRS) İngilizce belgelerle çalışmanın günlük iş yükü oluşturduğunu kabul et, çözümü ROI üzerinden sun.",,furkan.zorlu@vakifbank.com.tr,enriched,Furkan,Zorlu,mock_generator,2026-06-04 23:10:56,2026-06-04 23:10:57
14,Derya Bulut,HR Specialist,Mid,Vakıfbank,İstanbul,Bankacılık / Kamu Bankası,500+,49233,9,69,"Denetim ve uyum süreçlerinde (FATCA, CRS, Basel III) Vakıfbank çalışanlarının yabancı denetçiler ve muhabir bankalarla İngilizce yazışma kapasitesi yetersiz kaldığında ciddi operasyonel riskler doğuyor.","Vakıfbank özelinde: Uluslararası finansman anlaşmaları, AB fonları yazışmaları, yabancı muhabir banka ilişkileri.",Muhabir bankacılık veya yabancı sermaye iletişim süreçlerini referans ver — bunlar İngilizce ihtiyacının en somut kanıtı.,https://www.linkedin.com/in/derya-bulut,,enriched,Derya,Bulut,mock_generator,2026-06-04 23:10:56,2026-06-04 23:10:56
16,Melis Demir,Kıdemli İnsan Kaynakları Uzmanı,Senior,Rönesans Holding,Kocaeli,Holding / İnşaat & Altyapı,201-500,412,9,69,"Rönesans Holding'da çalışanların İngilizce konuşma pratiğine sistematik erişimi olmadığından, yabancı müşteri/ortak toplantılarına hazırlık ciddi ölçüde zaman alıyor.",Rönesans Holding özelinde: Çok uluslu iştiraki olan holdinglerde yönetim katmanında İngilizce raporlama ve yabancı ortak toplantıları.,Şirketin uluslararası büyüme hedeflerini referans vererek İngilizce yetkinliğini stratejik bir HR yatırımı olarak konumlandır.,https://www.linkedin.com/in/melis-demir,melis@ronesansholding.net,enriched,Melis,Demir,mock_generator,2026-06-04 23:10:56,2026-06-04 23:10:56
78,Zeynep Vardar,Senior HR Business Partner,Senior,Bahçeşehir Üniversitesi,Ankara,Yükseköğretim / Vakıf Üniversitesi,201-500,1064,9,68,"Bahçeşehir Üniversitesi'da çalışanların İngilizce konuşma pratiğine sistematik erişimi olmadığından, yabancı müşteri/ortak toplantılarına hazırlık ciddi ölçüde zaman alıyor.","Bahçeşehir Üniversitesi özelinde: Uluslararası araştırma işbirlikleri, Erasmus+ koordinasyonu ve akademik yayınlar.",Çalışan gelişim bütçesinin İngilizce eğitimine ayrılan kısmının ölçülebilir iş çıktısına nasıl dönüştüğünü ROI diliyle anlat.,https://www.linkedin.com/in/zeynep-vardar-tr,zeynep.vardar@bahcesehiruniversite.net,enriched,Zeynep,Vardar,mock_generator,2026-06-04 23:10:56,2026-06-04 23:10:57
59,Zeynep Karaca,People Operations Specialist,Mid,ING Türkiye,İstanbul,Bankacılık / Yabancı Sermayeli,500+,9520,9,67,ING Türkiye'da muhabir bankacılık ve uluslararası sendikasyon kredisi süreçlerinde çalışan ekiplerin SWIFT mesajlaşma standartları ve İngilizce kredi dokümantasyonunu hatasız yönetmesi giderek daha kritik hale geliyor.,"ING Türkiye özelinde: Merkez şirketle (yabancı) sürekli İngilizce raporlama, global standart uyum ve audit süreçleri.",Muhabir bankacılık veya yabancı sermaye iletişim süreçlerini referans ver — bunlar İngilizce ihtiyacının en somut kanıtı.,https://www.linkedin.com/in/zeynep-karaca-tr,zeynep.k@ingturkiye.com,enriched,Zeynep,Karaca,mock_generator,2026-06-04 23:10:56,2026-06-04 23:10:57
26,Selçuk Vardar,Senior HR Business Partner,Senior,Tekfen İnşaat,İstanbul,İnşaat / EPC Proje Yönetimi,500+,6296,8,66,"Tekfen İnşaat'da çalışanların İngilizce konuşma pratiğine sistematik erişimi olmadığından, yabancı müşteri/ortak toplantılarına hazırlık ciddi ölçüde zaman alıyor.","Tekfen İnşaat özelinde: Yurt dışı projeler, uluslararası konsorsiyum ortaklıkları ve FIDIC sözleşme yönetimi.",Çalışan gelişim bütçesinin İngilizce eğitimine ayrılan kısmının ölçülebilir iş çıktısına nasıl dönüştüğünü ROI diliyle anlat.,,selcuk.vardar@tekfeni̇nsaat.com,enriched,Selçuk,Vardar,mock_generator,2026-06-04 23:10:56,2026-06-04 23:10:56
69,Tarık Çakır,HRBP,Mid,Yapı Kredi,Ankara,Bankacılık / Özel Banka,500+,6283,9,66,Yapı Kredi'ın yabancı sermayeli yapısı gereği merkez şirketle tüm raporlama süreçleri İngilizce yürütülüyor; yönetim kademesinden uyum ve risk ekiplerine kadar geniş bir İngilizce yetkinlik ihtiyacı var.,"Yapı Kredi özelinde: Muhabir bankacılık, uluslararası kredi sendikasyonları, FATCA/CRS uyum yazışmaları.","Denetim süreçlerinde (FATCA, CRS) İngilizce belgelerle çalışmanın günlük iş yükü oluşturduğunu kabul et, çözümü ROI üzerinden sun.",https://www.linkedin.com/in/tarik-cakir-46,tarik@yapikredi.com.tr,enriched,Tarık,Çakır,mock_generator,2026-06-04 23:10:56,2026-06-04 23:10:57
98,Taner Öztürk,HR Specialist,Mid,UPS Türkiye,Kocaeli,Lojistik / Uluslararası Kargo,500+,3038,9,66,"Yabancı havayolu, deniz taşımacılığı ve gümrük acenteleriyle UPS Türkiye operasyon ekibinin günlük yazışmaları İngilizce yürütülüyor; gerçek zamanlı konuşma güveni olmadan iletişim kopuklukları kaçınılmaz oluyor.","UPS Türkiye özelinde: Gümrük dokümantasyonu, uluslararası taşıma hukuku yazışmaları ve yabancı hub koordinasyonu.",Yabancı lojistik ortakları ve gümrük süreçlerindeki günlük İngilizce kullanımı somut bir problem olarak çerçevele.,https://www.linkedin.com/in/taner-ozturk-43,taner.o@upsturkiye.com,enriched,Taner,Öztürk,mock_generator,2026-06-04 23:10:56,2026-06-04 23:10:57
1,Hüseyin Nalbant,HR Director,Director,LC Waikiki,Gaziantep,Perakende / Moda & Hazır Giyim,500+,10217,8,65,E-ticaret büyümesiyle birlikte LC Waikiki'ın cross-border satış ekipleri ve uluslararası alıcı/satıcı ilişki yönetiminde İngilizce iletişim kapasitesi operasyonel bir zorunluluk haline geliyor.,LC Waikiki özelinde: Perakende / Moda & Hazır Giyim sektöründe uluslararası iş ilişkileri ve yabancı ortaklıklar.,Çalışan gelişim bütçesinin İngilizce eğitimine ayrılan kısmının ölçülebilir iş çıktısına nasıl dönüştüğünü ROI diliyle anlat.,,,enriched,Hüseyin,Nalbant,mock_generator,2026-06-04 23:10:56,2026-06-04 23:10:56
2,Neslihan Taş,HR Assistant,Junior,Etiya,İzmir,Teknoloji / Telekomünikasyon Yazılımı,51-200,431,10,65,"Etiya'da çalışanların İngilizce kaynaklara (teknik dokümantasyon, API referans, partner portalları) doğrudan erişim kapasitesi, ürün geliştirme döngüsünü ve öğrenme hızını belirliyor.","Etiya özelinde: Küresel müşteri portföyü, İngilizce ürün dokümantasyonu ve uluslararası satış döngüleri.",Ürünü uluslararası pazara sunarken veya yabancı teknik ortaklarla çalışırken İngilizce konuşma güveninin hız ve kaliteye katkısını öne çıkar.,https://www.linkedin.com/in/neslihan-tas-18,,enriched,Neslihan,Taş,mock_generator,2026-06-04 23:10:56,2026-06-04 23:10:56
4,Beyza Acun,İK Generalist,Mid,Türk Traktör,Adana,Otomotiv / Tarım Makineleri,201-500,520,8,65,"Türk Traktör'ın büyüme sürecinde uluslararası paydaşlarla iletişim kurulmasını gerektiren projelerde ekiplerin İngilizce iletişim güveninin yetersizliği, fırsatların değerlendirilmesini zorlaştırıyor.","Türk Traktör özelinde: OEM ortaklık görüşmeleri, Avrupa ihracat prosedürleri ve teknik standart yazışmaları.",Şirketin uluslararası büyüme hedeflerini referans vererek İngilizce yetkinliğini stratejik bir HR yatırımı olarak konumlandır.,https://www.linkedin.com/in/beyza-acun-tr,beyza.a@turktraktor.net,enriched,Beyza,Acun,mock_generator,2026-06-04 23:10:56,2026-06-04 23:10:56
7,Berk Karakoç,İnsan Kaynakları Müdürü,Director,Emlak Konut,Kocaeli,Gayrimenkul / Kamu GYO,201-500,838,7,65,"Emlak Konut'ın büyüme sürecinde uluslararası paydaşlarla iletişim kurulmasını gerektiren projelerde ekiplerin İngilizce iletişim güveninin yetersizliği, fırsatların değerlendirilmesini zorlaştırıyor.",Emlak Konut özelinde: Uluslararası kiracı (perakende zinciri) müzakereleri ve yabancı fon yatırımcı raporlaması.,Şirketin uluslararası büyüme hedeflerini referans vererek İngilizce yetkinliğini stratejik bir HR yatırımı olarak konumlandır.,https://www.linkedin.com/in/berk-karakoc-tr,bkarakoc@emlakkonut.com,enriched,Berk,Karakoç,mock_generator,2026-06-04 23:10:56,2026-06-04 23:10:56
8,Arzu Korkmaz,People & Culture Manager,Director,Netgsm,Kocaeli,Telekomünikasyon / MVNO,11-50,29,7,65,"Netgsm'ın büyüme sürecinde uluslararası paydaşlarla iletişim kurulmasını gerektiren projelerde ekiplerin İngilizce iletişim güveninin yetersizliği, fırsatların değerlendirilmesini zorlaştırıyor.","Netgsm özelinde: Roaming anlaşmaları, ekipman tedarikçi müzakereleri (Ericsson, Nokia vb.), GSMA standartları.",Çalışan gelişim bütçesinin İngilizce eğitimine ayrılan kısmının ölçülebilir iş çıktısına nasıl dönüştüğünü ROI diliyle anlat.,https://www.linkedin.com/in/arzu-korkmaz-84,arzu.korkmaz@netgsm.com,enriched,Arzu,Korkmaz,mock_generator,2026-06-04 23:10:56,2026-06-04 23:10:56
10,Ali Özdemir,Recruitment Coordinator,Junior,Vestel,Gaziantep,Üretim / Tüketim Elektroniği,201-500,374,9,65,"Vestel'ın Avrupa ihracat kanallarındaki alıcılarla teknik yazışmalar, kalite sertifikasyonu süreçleri ve OEM görüşmelerinde mühendislik ve satış ekiplerinin İngilizce yetkinliği ihracat gelirine dönüşüyor.","Vestel özelinde: Avrupa satış kanalları, Ar-Ge ortaklıkları ve tedarikçi müzakere süreçleri.",Çalışan gelişim bütçesinin İngilizce eğitimine ayrılan kısmının ölçülebilir iş çıktısına nasıl dönüştüğünü ROI diliyle anlat.,https://www.linkedin.com/in/ali-ozdemir,,enriched,Ali,Özdemir,mock_generator,2026-06-04 23:10:56,2026-06-04 23:10:56
11,Serap Kılıç,HR Business Partner,Senior,Manpower Group Türkiye,Ankara,İK Hizmetleri / Geçici İstihdam,201-500,416,8,65,"Manpower Group Türkiye'da çalışanların İngilizce konuşma pratiğine sistematik erişimi olmadığından, yabancı müşteri/ortak toplantılarına hazırlık ciddi ölçüde zaman alıyor.","Manpower Group Türkiye özelinde: Uluslararası aday iletişimi, global yetkinlik değerlendirme araçları ve yabancı client raporları.",Şirketin uluslararası büyüme hedeflerini referans vererek İngilizce yetkinliğini stratejik bir HR yatırımı olarak konumlandır.,https://www.linkedin.com/in/serap-kilic-tr,,enriched,Serap,Kılıç,mock_generator,2026-06-04 23:10:56,2026-06-04 23:10:56
15,Caner Çetin,HR Coordinator,Junior,Çimsa,Kocaeli,Üretim / Çimento & İnşaat Malzemeleri,500+,7285,7,65,"Çimsa'ın Avrupa ihracat kanallarındaki alıcılarla teknik yazışmalar, kalite sertifikasyonu süreçleri ve OEM görüşmelerinde mühendislik ve satış ekiplerinin İngilizce yetkinliği ihracat gelirine dönüşüyor.","Çimsa özelinde: Avrupa satış kanalları, Ar-Ge ortaklıkları ve tedarikçi müzakere süreçleri.",Şirketin uluslararası büyüme hedeflerini referans vererek İngilizce yetkinliğini stratejik bir HR yatırımı olarak konumlandır.,https://www.linkedin.com/in/caner-cetin-68,,enriched,Caner,Çetin,mock_generator,2026-06-04 23:10:56,2026-06-04 23:10:56
17,Onur Güler,HR Generalist,Mid,Turkcell,İstanbul,Telekomünikasyon / Mobil Operatör,500+,6033,8,65,"Turkcell'ın büyüme sürecinde uluslararası paydaşlarla iletişim kurulmasını gerektiren projelerde ekiplerin İngilizce iletişim güveninin yetersizliği, fırsatların değerlendirilmesini zorlaştırıyor.","Turkcell özelinde: Roaming anlaşmaları, ekipman tedarikçi müzakereleri (Ericsson, Nokia vb.), GSMA standartları.",Şirketin uluslararası büyüme hedeflerini referans vererek İngilizce yetkinliğini stratejik bir HR yatırımı olarak konumlandır.,,,enriched,Onur,Güler,mock_generator,2026-06-04 23:10:56,2026-06-04 23:10:56
20,Sibel Kurt,İnsan Kaynakları Asistanı,Junior,Horoz Lojistik,İstanbul,Lojistik / Depolama & Dağıtım,201-500,271,8,65,"Yabancı havayolu, deniz taşımacılığı ve gümrük acenteleriyle Horoz Lojistik operasyon ekibinin günlük yazışmaları İngilizce yürütülüyor; gerçek zamanlı konuşma güveni olmadan iletişim kopuklukları kaçınılmaz oluyor.","Horoz Lojistik özelinde: Gümrük dokümantasyonu, uluslararası taşıma hukuku yazışmaları ve yabancı hub koordinasyonu.",Uluslararası kargo operasyonlarında dokümantasyon hataları ve gecikme maliyetleri üzerinden konuş — İngilizce yetkinlik direkt operasyonel tasarrufa dönüşüyor.,,sibel.k@horozlojistik.com.tr,enriched,Sibel,Kurt,mock_generator,2026-06-04 23:10:56,2026-06-04 23:10:56
22,Derya Korkmaz,Eğitim ve Gelişim Uzmanı,Mid,Emlak Konut,İstanbul,Gayrimenkul / Kamu GYO,201-500,1338,8,65,"Emlak Konut'da çalışanların İngilizce konuşma pratiğine sistematik erişimi olmadığından, yabancı müşteri/ortak toplantılarına hazırlık ciddi ölçüde zaman alıyor.",Emlak Konut özelinde: Uluslararası kiracı (perakende zinciri) müzakereleri ve yabancı fon yatırımcı raporlaması.,Çalışan gelişim bütçesinin İngilizce eğitimine ayrılan kısmının ölçülebilir iş çıktısına nasıl dönüştüğünü ROI diliyle anlat.,https://www.linkedin.com/in/derya-korkmaz,derya@emlakkonut.net,enriched,Derya,Korkmaz,mock_generator,2026-06-04 23:10:56,2026-06-04 23:10:56
23,Melis Kaplan,Organizasyonel Gelişim Uzmanı,Mid,Superonline,İstanbul,Telekomünikasyon / İnternet Servisi,51-200,72,8,65,"Superonline'da çalışanların İngilizce konuşma pratiğine sistematik erişimi olmadığından, yabancı müşteri/ortak toplantılarına hazırlık ciddi ölçüde zaman alıyor.","Superonline özelinde: Roaming anlaşmaları, ekipman tedarikçi müzakereleri (Ericsson, Nokia vb.), GSMA standartları.",Çalışan gelişim bütçesinin İngilizce eğitimine ayrılan kısmının ölçülebilir iş çıktısına nasıl dönüştüğünü ROI diliyle anlat.,https://www.linkedin.com/in/melis-kaplan-tr,,enriched,Melis,Kaplan,mock_generator,2026-06-04 23:10:56,2026-06-04 23:10:56
24,Barış Doğan,İnsan Kaynakları Uzmanı,Mid,Anadolu Efes,İstanbul,FMCG / İçecek Üretimi,500+,9334,7,65,"Anadolu Efes'ın büyüme sürecinde uluslararası paydaşlarla iletişim kurulmasını gerektiren projelerde ekiplerin İngilizce iletişim güveninin yetersizliği, fırsatların değerlendirilmesini zorlaştırıyor.","Anadolu Efes özelinde: İhracat pazarlaması, uluslararası kalite sertifikasyonu (BRC, IFS) ve global distribütör yönetimi.",Çalışan gelişim bütçesinin İngilizce eğitimine ayrılan kısmının ölçülebilir iş çıktısına nasıl dönüştüğünü ROI diliyle anlat.,,baris@anadoluefes.com,enriched,Barış,Doğan,mock_generator,2026-06-04 23:10:56,2026-06-04 23:10:56
25,Ali Koç,HR Generalist,Mid,Mediamarkt Türkiye,Bursa,Perakende / Elektronik Mağazacılık,500+,2119,7,65,E-ticaret büyümesiyle birlikte Mediamarkt Türkiye'ın cross-border satış ekipleri ve uluslararası alıcı/satıcı ilişki yönetiminde İngilizce iletişim kapasitesi operasyonel bir zorunluluk haline geliyor.,Mediamarkt Türkiye özelinde: Perakende / Elektronik Mağazacılık sektöründe uluslararası iş ilişkileri ve yabancı ortaklıklar.,Çalışan gelişim bütçesinin İngilizce eğitimine ayrılan kısmının ölçülebilir iş çıktısına nasıl dönüştüğünü ROI diliyle anlat.,https://www.linkedin.com/in/ali-koc,ali.koc@mediamarktturkiye.net,enriched,Ali,Koç,mock_generator,2026-06-04 23:10:56,2026-06-04 23:10:56
27,Hülya Aydın,Kıdemli İnsan Kaynakları Uzmanı,Senior,Tofaş,Gaziantep,Otomotiv / Araç Üretimi,500+,13011,8,65,"Tofaş'ın büyüme sürecinde uluslararası paydaşlarla iletişim kurulmasını gerektiren projelerde ekiplerin İngilizce iletişim güveninin yetersizliği, fırsatların değerlendirilmesini zorlaştırıyor.","Tofaş özelinde: OEM ortaklık görüşmeleri, Avrupa ihracat prosedürleri ve teknik standart yazışmaları.",Çalışan gelişim bütçesinin İngilizce eğitimine ayrılan kısmının ölçülebilir iş çıktısına nasıl dönüştüğünü ROI diliyle anlat.,https://www.linkedin.com/in/hulya-aydin-30,,enriched,Hülya,Aydın,mock_generator,2026-06-04 23:10:56,2026-06-04 23:10:56
32,Beyza Bulut,İnsan Kaynakları Müdürü,Director,Limak Holding,İstanbul,Holding / İnşaat & Altyapı,201-500,418,8,65,"Limak Holding'da çalışanların İngilizce konuşma pratiğine sistematik erişimi olmadığından, yabancı müşteri/ortak toplantılarına hazırlık ciddi ölçüde zaman alıyor.",Limak Holding özelinde: Çok uluslu iştiraki olan holdinglerde yönetim katmanında İngilizce raporlama ve yabancı ortak toplantıları.,Şirketin uluslararası büyüme hedeflerini referans vererek İngilizce yetkinliğini stratejik bir HR yatırımı olarak konumlandır.,https://www.linkedin.com/in/beyza-bulut-tr,,enriched,Beyza,Bulut,mock_generator,2026-06-04 23:10:56,2026-06-04 23:10:56
33,Furkan Zorlu,İşe Alım Uzmanı,Mid,Anadolu Efes,İstanbul,FMCG / İçecek Üretimi,500+,5750,8,65,"Anadolu Efes'da çalışanların İngilizce konuşma pratiğine sistematik erişimi olmadığından, yabancı müşteri/ortak toplantılarına hazırlık ciddi ölçüde zaman alıyor.","Anadolu Efes özelinde: İhracat pazarlaması, uluslararası kalite sertifikasyonu (BRC, IFS) ve global distribütör yönetimi.",Çalışan gelişim bütçesinin İngilizce eğitimine ayrılan kısmının ölçülebilir iş çıktısına nasıl dönüştüğünü ROI diliyle anlat.,,furkan.z@anadoluefes.net,enriched,Furkan,Zorlu,mock_generator,2026-06-04 23:10:56,2026-06-04 23:10:56
34,Neslihan Güzel,İşe Alım Uzmanı,Mid,Figopara,Adana,Fintech / Kredi Teknolojisi,51-200,122,8,65,"Figopara'ın hızlı büyüme sürecinde yeni işe alınan ekip üyelerinin uluslararası ödeme standartları (SWIFT, SEPA, PSD2) terminolojisine hâkim olmadan yabancı banka ve regülatörlerle yazışma yapması kritik hataları beraberinde getiriyor.","Figopara özelinde: Global fintech ekosistemiyle entegrasyon, yabancı ortaklık görüşmeleri ve teknik dokümantasyon.",Avrupa genişleme hedefleri veya yatırımcı pitch süreçleri üzerinden konuş — İngilizce yetkinliği bu aşamada somut ROI'a dönüşüyor.,https://www.linkedin.com/in/neslihan-guzel,nguzel@figopara.com.tr,enriched,Neslihan,Güzel,mock_generator,2026-06-04 23:10:56,2026-06-04 23:10:57
35,Hüseyin Nalbant,Organizasyonel Gelişim Müdürü,Director,Anadolu Efes,Bursa,FMCG / İçecek Üretimi,500+,9921,7,65,"Anadolu Efes'da çalışanların İngilizce konuşma pratiğine sistematik erişimi olmadığından, yabancı müşteri/ortak toplantılarına hazırlık ciddi ölçüde zaman alıyor.","Anadolu Efes özelinde: İhracat pazarlaması, uluslararası kalite sertifikasyonu (BRC, IFS) ve global distribütör yönetimi.",Çalışan gelişim bütçesinin İngilizce eğitimine ayrılan kısmının ölçülebilir iş çıktısına nasıl dönüştüğünü ROI diliyle anlat.,https://www.linkedin.com/in/huseyin-nalbant,huseyin.n@anadoluefes.com.tr,enriched,Hüseyin,Nalbant,mock_generator,2026-06-04 23:10:56,2026-06-04 23:10:57
36,Özge Ceylan,HR Business Partner,Senior,LC Waikiki,Gaziantep,Perakende / Moda & Hazır Giyim,500+,6580,6,65,E-ticaret büyümesiyle birlikte LC Waikiki'ın cross-border satış ekipleri ve uluslararası alıcı/satıcı ilişki yönetiminde İngilizce iletişim kapasitesi operasyonel bir zorunluluk haline geliyor.,LC Waikiki özelinde: Perakende / Moda & Hazır Giyim sektöründe uluslararası iş ilişkileri ve yabancı ortaklıklar.,Çalışan gelişim bütçesinin İngilizce eğitimine ayrılan kısmının ölçülebilir iş çıktısına nasıl dönüştüğünü ROI diliyle anlat.,https://www.linkedin.com/in/ozge-ceylan,ozge.c@lcwaikiki.net,enriched,Özge,Ceylan,mock_generator,2026-06-04 23:10:56,2026-06-04 23:10:57
37,Onur Karakoç,İşe Alım Uzmanı,Mid,Dünya Göz,Ankara,Sağlık / Göz Hastalıkları Kliniği,201-500,516,8,65,"Dünya Göz'da medikal turizm süreçlerinde hasta ilişkileri ve uluslararası koordinasyon ekibinin İngilizce sözlü iletişim yetkinliği, hasta memnuniyetini ve referans gelirini doğrudan etkiliyor.","Dünya Göz özelinde: Medikal turizm hasta iletişimi, JCI akreditasyon süreçleri, uluslararası sigorta şirketi yazışmaları.",Medikal turizm büyümesi ve JCI akreditasyon süreçleri çerçevesinde İngilizce iletişim yetkinliğini ROI'ye bağla.,https://www.linkedin.com/in/onur-karakoc-tr,onur@dunyagoz.com.tr,enriched,Onur,Karakoç,mock_generator,2026-06-04 23:10:56,2026-06-04 23:10:57
38,Derya Güzel,HRBP,Mid,Çimsa,Adana,Üretim / Çimento & İnşaat Malzemeleri,500+,2854,9,65,"Global tedarik zinciri yönetiminde Çimsa'ın satın alma ve lojistik ekiplerinin yabancı tedarikçilerle İngilizce müzakere ve yazışma kapasitesi, maliyet ve temin süresini etkiliyor.","Çimsa özelinde: Avrupa satış kanalları, Ar-Ge ortaklıkları ve tedarikçi müzakere süreçleri.",Çalışan gelişim bütçesinin İngilizce eğitimine ayrılan kısmının ölçülebilir iş çıktısına nasıl dönüştüğünü ROI diliyle anlat.,https://www.linkedin.com/in/derya-guzel-tr,derya@cimsa.net,enriched,Derya,Güzel,mock_generator,2026-06-04 23:10:56,2026-06-04 23:10:57
40,Alper Gündüz,İK Generalist,Mid,Albaraka Türk,Adana,Bankacılık / Katılım Bankası,201-500,3229,7,65,Albaraka Türk'da muhabir bankacılık ve uluslararası sendikasyon kredisi süreçlerinde çalışan ekiplerin SWIFT mesajlaşma standartları ve İngilizce kredi dokümantasyonunu hatasız yönetmesi giderek daha kritik hale geliyor.,"Albaraka Türk özelinde: İslami finans küresel standartları (AAOIFI), Körfez ülkeleri yatırımcı ilişkileri.","Denetim süreçlerinde (FATCA, CRS) İngilizce belgelerle çalışmanın günlük iş yükü oluşturduğunu kabul et, çözümü ROI üzerinden sun.",https://www.linkedin.com/in/alper-gunduz-63,alper.gunduz@albarakaturk.net,enriched,Alper,Gündüz,mock_generator,2026-06-04 23:10:56,2026-06-04 23:10:57
43,Yasin Kaplan,HR Assistant,Junior,Sabancı Holding,İstanbul,Holding / Çok Sektörlü Sanayi,500+,66304,9,65,"Sabancı Holding'da çalışanların İngilizce konuşma pratiğine sistematik erişimi olmadığından, yabancı müşteri/ortak toplantılarına hazırlık ciddi ölçüde zaman alıyor.",Sabancı Holding özelinde: Çok uluslu iştiraki olan holdinglerde yönetim katmanında İngilizce raporlama ve yabancı ortak toplantıları.,Çalışan gelişim bütçesinin İngilizce eğitimine ayrılan kısmının ölçülebilir iş çıktısına nasıl dönüştüğünü ROI diliyle anlat.,https://www.linkedin.com/in/yasin-kaplan-24,,enriched,Yasin,Kaplan,mock_generator,2026-06-04 23:10:56,2026-06-04 23:10:57
46,Mustafa Yıldız,Talent Acquisition Specialist,Mid,Memorial Hastaneler Grubu,İstanbul,Sağlık / Özel Hastane Grubu,500+,17982,8,65,"Memorial Hastaneler Grubu'da medikal turizm süreçlerinde hasta ilişkileri ve uluslararası koordinasyon ekibinin İngilizce sözlü iletişim yetkinliği, hasta memnuniyetini ve referans gelirini doğrudan etkiliyor.","Memorial Hastaneler Grubu özelinde: Medikal turizm hasta iletişimi, JCI akreditasyon süreçleri, uluslararası sigorta şirketi yazışmaları.",Uluslararası hasta memnuniyeti ve referans geliri üzerinden somut bir değer önerisi kur.,https://www.linkedin.com/in/mustafa-yildiz,myildiz@memorialhastanelergr.com.tr,enriched,Mustafa,Yıldız,mock_generator,2026-06-04 23:10:56,2026-06-04 23:10:57
49,Cem Aydın,Eğitim ve Gelişim Uzmanı,Mid,Mediamarkt Türkiye,Ankara,Perakende / Elektronik Mağazacılık,500+,3417,7,65,E-ticaret büyümesiyle birlikte Mediamarkt Türkiye'ın cross-border satış ekipleri ve uluslararası alıcı/satıcı ilişki yönetiminde İngilizce iletişim kapasitesi operasyonel bir zorunluluk haline geliyor.,Mediamarkt Türkiye özelinde: Perakende / Elektronik Mağazacılık sektöründe uluslararası iş ilişkileri ve yabancı ortaklıklar.,Çalışan gelişim bütçesinin İngilizce eğitimine ayrılan kısmının ölçülebilir iş çıktısına nasıl dönüştüğünü ROI diliyle anlat.,,cem.a@mediamarktturkiye.net,enriched,Cem,Aydın,mock_generator,2026-06-04 23:10:56,2026-06-04 23:10:57
50,Ahmet Karakoç,Compensation & Benefits Manager,Senior,Trink,İzmir,Mikromobilite / Paylaşımlı Ulaşım,51-200,375,7,65,"Trink'ın büyüme sürecinde uluslararası paydaşlarla iletişim kurulmasını gerektiren projelerde ekiplerin İngilizce iletişim güveninin yetersizliği, fırsatların değerlendirilmesini zorlaştırıyor.",Trink özelinde: Mikromobilite / Paylaşımlı Ulaşım sektöründe uluslararası iş ilişkileri ve yabancı ortaklıklar.,Çalışan gelişim bütçesinin İngilizce eğitimine ayrılan kısmının ölçülebilir iş çıktısına nasıl dönüştüğünü ROI diliyle anlat.,https://www.linkedin.com/in/ahmet-karakoc-tr,akarakoc@trink.com.tr,enriched,Ahmet,Karakoç,mock_generator,2026-06-04 23:10:56,2026-06-04 23:10:57
51,Fatma Tekin,Learning & Development Manager,Senior,LC Waikiki,İstanbul,Perakende / Moda & Hazır Giyim,500+,4316,7,65,"LC Waikiki'ın global marka tedarikçileri ve uluslararası franchise ortaklarıyla müzakere süreçlerinde İngilizce yazışma ve toplantı yetkinliği, ticari koşulları doğrudan etkiliyor.",LC Waikiki özelinde: Perakende / Moda & Hazır Giyim sektöründe uluslararası iş ilişkileri ve yabancı ortaklıklar.,Şirketin uluslararası büyüme hedeflerini referans vererek İngilizce yetkinliğini stratejik bir HR yatırımı olarak konumlandır.,https://www.linkedin.com/in/fatma-tekin-88,ftekin@lcwaikiki.net,enriched,Fatma,Tekin,mock_generator,2026-06-04 23:10:56,2026-06-04 23:10:57
52,Gizem Albayrak,Recruiter,Mid,Figopara,İstanbul,Fintech / Kredi Teknolojisi,51-200,63,7,65,"Figopara bünyesinde Avrupa pazarına açılım sürecinde ürün ve teknik ekiplerin İngilizce toplantı, demo ve investor deck hazırlama konusundaki güven eksikliği ilerleyişi yavaşlatıyor.","Figopara özelinde: Global fintech ekosistemiyle entegrasyon, yabancı ortaklık görüşmeleri ve teknik dokümantasyon.",Avrupa genişleme hedefleri veya yatırımcı pitch süreçleri üzerinden konuş — İngilizce yetkinliği bu aşamada somut ROI'a dönüşüyor.,,galbayrak@figopara.net,enriched,Gizem,Albayrak,mock_generator,2026-06-04 23:10:56,2026-06-04 23:10:57
54,Yasemin Bozkurt,People Operations Manager,Senior,Marti,Ankara,Mikromobilite / Paylaşımlı Ulaşım,51-200,301,6,65,"Marti'da çalışanların İngilizce konuşma pratiğine sistematik erişimi olmadığından, yabancı müşteri/ortak toplantılarına hazırlık ciddi ölçüde zaman alıyor.",Marti özelinde: Mikromobilite / Paylaşımlı Ulaşım sektöründe uluslararası iş ilişkileri ve yabancı ortaklıklar.,Şirketin uluslararası büyüme hedeflerini referans vererek İngilizce yetkinliğini stratejik bir HR yatırımı olarak konumlandır.,,yasemin@marti.com,enriched,Yasemin,Bozkurt,mock_generator,2026-06-04 23:10:56,2026-06-04 23:10:57
57,Serap Gündüz,Senior Talent Acquisition Specialist,Senior,LC Waikiki,İzmir,Perakende / Moda & Hazır Giyim,500+,6836,6,65,"LC Waikiki'ın global marka tedarikçileri ve uluslararası franchise ortaklarıyla müzakere süreçlerinde İngilizce yazışma ve toplantı yetkinliği, ticari koşulları doğrudan etkiliyor.",LC Waikiki özelinde: Perakende / Moda & Hazır Giyim sektöründe uluslararası iş ilişkileri ve yabancı ortaklıklar.,Çalışan gelişim bütçesinin İngilizce eğitimine ayrılan kısmının ölçülebilir iş çıktısına nasıl dönüştüğünü ROI diliyle anlat.,https://www.linkedin.com/in/serap-gunduz-tr,serap@lcwaikiki.com.tr,enriched,Serap,Gündüz,mock_generator,2026-06-04 23:10:56,2026-06-04 23:10:57
58,Sibel Avcı,Senior Talent Acquisition Specialist,Senior,Turkcell,Antalya,Telekomünikasyon / Mobil Operatör,500+,13006,8,65,"Turkcell'ın büyüme sürecinde uluslararası paydaşlarla iletişim kurulmasını gerektiren projelerde ekiplerin İngilizce iletişim güveninin yetersizliği, fırsatların değerlendirilmesini zorlaştırıyor.","Turkcell özelinde: Roaming anlaşmaları, ekipman tedarikçi müzakereleri (Ericsson, Nokia vb.), GSMA standartları.",Çalışan gelişim bütçesinin İngilizce eğitimine ayrılan kısmının ölçülebilir iş çıktısına nasıl dönüştüğünü ROI diliyle anlat.,,sibel.avci@turkcell.com,enriched,Sibel,Avcı,mock_generator,2026-06-04 23:10:56,2026-06-04 23:10:57
60,Beyza Kaya,Recruiter,Mid,Netgsm,Kocaeli,Telekomünikasyon / MVNO,11-50,77,8,65,"Netgsm'ın büyüme sürecinde uluslararası paydaşlarla iletişim kurulmasını gerektiren projelerde ekiplerin İngilizce iletişim güveninin yetersizliği, fırsatların değerlendirilmesini zorlaştırıyor.","Netgsm özelinde: Roaming anlaşmaları, ekipman tedarikçi müzakereleri (Ericsson, Nokia vb.), GSMA standartları.",Şirketin uluslararası büyüme hedeflerini referans vererek İngilizce yetkinliğini stratejik bir HR yatırımı olarak konumlandır.,https://www.linkedin.com/in/beyza-kaya-tr,beyza.kaya@netgsm.net,enriched,Beyza,Kaya,mock_generator,2026-06-04 23:10:56,2026-06-04 23:10:57
62,Ebru Bulut,HR Generalist,Mid,Trendyol,İstanbul,E-ticaret / Marketplace,500+,7241,8,65,"Trendyol'ın büyüme sürecinde uluslararası paydaşlarla iletişim kurulmasını gerektiren projelerde ekiplerin İngilizce iletişim güveninin yetersizliği, fırsatların değerlendirilmesini zorlaştırıyor.","Trendyol özelinde: Cross-border satıcı onboarding, global lojistik ortakları ve uluslararası genişleme operasyonları.",Çalışan gelişim bütçesinin İngilizce eğitimine ayrılan kısmının ölçülebilir iş çıktısına nasıl dönüştüğünü ROI diliyle anlat.,https://www.linkedin.com/in/ebru-bulut,ebulut@trendyol.com,enriched,Ebru,Bulut,mock_generator,2026-06-04 23:10:56,2026-06-04 23:10:57
63,Büşra Bozkurt,İşe Alım Uzmanı,Mid,Kariyer.net,İstanbul,İK Teknolojisi / İşe Alım Platformu,51-200,154,6,65,"Kariyer.net'da çalışanların İngilizce konuşma pratiğine sistematik erişimi olmadığından, yabancı müşteri/ortak toplantılarına hazırlık ciddi ölçüde zaman alıyor.",Kariyer.net özelinde: İK Teknolojisi / İşe Alım Platformu sektöründe uluslararası iş ilişkileri ve yabancı ortaklıklar.,Şirketin uluslararası büyüme hedeflerini referans vererek İngilizce yetkinliğini stratejik bir HR yatırımı olarak konumlandır.,,busra@kariyernet.net,enriched,Büşra,Bozkurt,mock_generator,2026-06-04 23:10:56,2026-06-04 23:10:57
64,Mustafa Yalçın,Organizasyonel Gelişim Müdürü,Director,Marti,Ankara,Mikromobilite / Paylaşımlı Ulaşım,51-200,384,7,65,"Marti'da çalışanların İngilizce konuşma pratiğine sistematik erişimi olmadığından, yabancı müşteri/ortak toplantılarına hazırlık ciddi ölçüde zaman alıyor.",Marti özelinde: Mikromobilite / Paylaşımlı Ulaşım sektöründe uluslararası iş ilişkileri ve yabancı ortaklıklar.,Çalışan gelişim bütçesinin İngilizce eğitimine ayrılan kısmının ölçülebilir iş çıktısına nasıl dönüştüğünü ROI diliyle anlat.,https://www.linkedin.com/in/mustafa-yalcin-tr,,enriched,Mustafa,Yalçın,mock_generator,2026-06-04 23:10:56,2026-06-04 23:10:57
65,Barış Ceylan,Talent Acquisition Coordinator,Junior,Millenicom,Ankara,Telekomünikasyon / İnternet Servisi,51-200,61,9,65,"Millenicom'ın büyüme sürecinde uluslararası paydaşlarla iletişim kurulmasını gerektiren projelerde ekiplerin İngilizce iletişim güveninin yetersizliği, fırsatların değerlendirilmesini zorlaştırıyor.","Millenicom özelinde: Roaming anlaşmaları, ekipman tedarikçi müzakereleri (Ericsson, Nokia vb.), GSMA standartları.",Şirketin uluslararası büyüme hedeflerini referans vererek İngilizce yetkinliğini stratejik bir HR yatırımı olarak konumlandır.,https://www.linkedin.com/in/baris-ceylan-tr,baris@millenicom.com.tr,enriched,Barış,Ceylan,mock_generator,2026-06-04 23:10:56,2026-06-04 23:10:57
66,Neslihan Gündüz,People Operations Specialist,Mid,Millenicom,Antalya,Telekomünikasyon / İnternet Servisi,51-200,275,7,65,"Millenicom'da çalışanların İngilizce konuşma pratiğine sistematik erişimi olmadığından, yabancı müşteri/ortak toplantılarına hazırlık ciddi ölçüde zaman alıyor.","Millenicom özelinde: Roaming anlaşmaları, ekipman tedarikçi müzakereleri (Ericsson, Nokia vb.), GSMA standartları.",Çalışan gelişim bütçesinin İngilizce eğitimine ayrılan kısmının ölçülebilir iş çıktısına nasıl dönüştüğünü ROI diliyle anlat.,https://www.linkedin.com/in/neslihan-gunduz-tr,neslihan.g@millenicom.com,enriched,Neslihan,Gündüz,mock_generator,2026-06-04 23:10:56,2026-06-04 23:10:57
68,Gizem Özcan,Recruitment Coordinator,Junior,Akbank,İstanbul,Bankacılık / Özel Banka,500+,9525,10,65,Akbank'ın yabancı sermayeli yapısı gereği merkez şirketle tüm raporlama süreçleri İngilizce yürütülüyor; yönetim kademesinden uyum ve risk ekiplerine kadar geniş bir İngilizce yetkinlik ihtiyacı var.,"Akbank özelinde: Muhabir bankacılık, uluslararası kredi sendikasyonları, FATCA/CRS uyum yazışmaları.","Denetim süreçlerinde (FATCA, CRS) İngilizce belgelerle çalışmanın günlük iş yükü oluşturduğunu kabul et, çözümü ROI üzerinden sun.",https://www.linkedin.com/in/gizem-ozcan,gizem.o@akbank.com,enriched,Gizem,Özcan,mock_generator,2026-06-04 23:10:56,2026-06-04 23:10:57
70,İbrahim Koç,People & Culture Manager,Director,LC Waikiki,Bursa,Perakende / Moda & Hazır Giyim,500+,3914,7,65,E-ticaret büyümesiyle birlikte LC Waikiki'ın cross-border satış ekipleri ve uluslararası alıcı/satıcı ilişki yönetiminde İngilizce iletişim kapasitesi operasyonel bir zorunluluk haline geliyor.,LC Waikiki özelinde: Perakende / Moda & Hazır Giyim sektöründe uluslararası iş ilişkileri ve yabancı ortaklıklar.,Çalışan gelişim bütçesinin İngilizce eğitimine ayrılan kısmının ölçülebilir iş çıktısına nasıl dönüştüğünü ROI diliyle anlat.,https://www.linkedin.com/in/i̇brahim-koc,ikoc@lcwaikiki.com,enriched,İbrahim,Koç,mock_generator,2026-06-04 23:10:56,2026-06-04 23:10:57
71,Esra Kılıç,Organizasyonel Gelişim Müdürü,Director,Mediamarkt Türkiye,İstanbul,Perakende / Elektronik Mağazacılık,500+,2564,8,65,"Mediamarkt Türkiye'ın global marka tedarikçileri ve uluslararası franchise ortaklarıyla müzakere süreçlerinde İngilizce yazışma ve toplantı yetkinliği, ticari koşulları doğrudan etkiliyor.",Mediamarkt Türkiye özelinde: Perakende / Elektronik Mağazacılık sektöründe uluslararası iş ilişkileri ve yabancı ortaklıklar.,Çalışan gelişim bütçesinin İngilizce eğitimine ayrılan kısmının ölçülebilir iş çıktısına nasıl dönüştüğünü ROI diliyle anlat.,https://www.linkedin.com/in/esra-kilic,esra.kilic@mediamarktturkiye.com,enriched,Esra,Kılıç,mock_generator,2026-06-04 23:10:56,2026-06-04 23:10:57
72,Uğur Bulut,People Operations Manager,Senior,Turkcell,İstanbul,Telekomünikasyon / Mobil Operatör,500+,9852,7,65,"Turkcell'da çalışanların İngilizce konuşma pratiğine sistematik erişimi olmadığından, yabancı müşteri/ortak toplantılarına hazırlık ciddi ölçüde zaman alıyor.","Turkcell özelinde: Roaming anlaşmaları, ekipman tedarikçi müzakereleri (Ericsson, Nokia vb.), GSMA standartları.",Şirketin uluslararası büyüme hedeflerini referans vererek İngilizce yetkinliğini stratejik bir HR yatırımı olarak konumlandır.,https://www.linkedin.com/in/ugur-bulut,ugur@turkcell.com,enriched,Uğur,Bulut,mock_generator,2026-06-04 23:10:56,2026-06-04 23:10:57
73,Tolga Ceylan,People Operations Manager,Senior,Albaraka Türk,İstanbul,Bankacılık / Katılım Bankası,201-500,1730,8,65,Albaraka Türk'ın yabancı sermayeli yapısı gereği merkez şirketle tüm raporlama süreçleri İngilizce yürütülüyor; yönetim kademesinden uyum ve risk ekiplerine kadar geniş bir İngilizce yetkinlik ihtiyacı var.,"Albaraka Türk özelinde: İslami finans küresel standartları (AAOIFI), Körfez ülkeleri yatırımcı ilişkileri.","Denetim süreçlerinde (FATCA, CRS) İngilizce belgelerle çalışmanın günlük iş yükü oluşturduğunu kabul et, çözümü ROI üzerinden sun.",https://www.linkedin.com/in/tolga-ceylan-26,tolga.c@albarakaturk.com.tr,enriched,Tolga,Ceylan,mock_generator,2026-06-04 23:10:56,2026-06-04 23:10:57
74,Özge Polat,Eğitim ve Gelişim Uzmanı,Mid,Tekfen İnşaat,İstanbul,İnşaat / EPC Proje Yönetimi,500+,2273,9,65,"Tekfen İnşaat'da çalışanların İngilizce konuşma pratiğine sistematik erişimi olmadığından, yabancı müşteri/ortak toplantılarına hazırlık ciddi ölçüde zaman alıyor.","Tekfen İnşaat özelinde: Yurt dışı projeler, uluslararası konsorsiyum ortaklıkları ve FIDIC sözleşme yönetimi.",Çalışan gelişim bütçesinin İngilizce eğitimine ayrılan kısmının ölçülebilir iş çıktısına nasıl dönüştüğünü ROI diliyle anlat.,https://www.linkedin.com/in/ozge-polat-tr,ozge@tekfeni̇nsaat.net,enriched,Özge,Polat,mock_generator,2026-06-04 23:10:56,2026-06-04 23:10:57
77,Melis Aydın,Compensation & Benefits Manager,Senior,Koton,Ankara,Perakende / Moda & Hazır Giyim,500+,4620,5,65,"Koton'ın global marka tedarikçileri ve uluslararası franchise ortaklarıyla müzakere süreçlerinde İngilizce yazışma ve toplantı yetkinliği, ticari koşulları doğrudan etkiliyor.",Koton özelinde: Perakende / Moda & Hazır Giyim sektöründe uluslararası iş ilişkileri ve yabancı ortaklıklar.,Şirketin uluslararası büyüme hedeflerini referans vererek İngilizce yetkinliğini stratejik bir HR yatırımı olarak konumlandır.,https://www.linkedin.com/in/melis-aydin,melis@koton.net,enriched,Melis,Aydın,mock_generator,2026-06-04 23:10:56,2026-06-04 23:10:57
80,Elif Bayram,Compensation & Benefits Manager,Senior,Limak Holding,İstanbul,Holding / İnşaat & Altyapı,201-500,422,7,65,"Limak Holding'ın büyüme sürecinde uluslararası paydaşlarla iletişim kurulmasını gerektiren projelerde ekiplerin İngilizce iletişim güveninin yetersizliği, fırsatların değerlendirilmesini zorlaştırıyor.",Limak Holding özelinde: Çok uluslu iştiraki olan holdinglerde yönetim katmanında İngilizce raporlama ve yabancı ortak toplantıları.,Şirketin uluslararası büyüme hedeflerini referans vererek İngilizce yetkinliğini stratejik bir HR yatırımı olarak konumlandır.,https://www.linkedin.com/in/elif-bayram-tr,ebayram@limakholding.com,enriched,Elif,Bayram,mock_generator,2026-06-04 23:10:56,2026-06-04 23:10:57
81,Mehmet Türk,HR Business Partner,Senior,Albaraka Türk,İstanbul,Bankacılık / Katılım Bankası,201-500,2020,7,65,Albaraka Türk'da muhabir bankacılık ve uluslararası sendikasyon kredisi süreçlerinde çalışan ekiplerin SWIFT mesajlaşma standartları ve İngilizce kredi dokümantasyonunu hatasız yönetmesi giderek daha kritik hale geliyor.,"Albaraka Türk özelinde: İslami finans küresel standartları (AAOIFI), Körfez ülkeleri yatırımcı ilişkileri.",Muhabir bankacılık veya yabancı sermaye iletişim süreçlerini referans ver — bunlar İngilizce ihtiyacının en somut kanıtı.,https://www.linkedin.com/in/mehmet-turk-84,mturk@albarakaturk.net,enriched,Mehmet,Türk,mock_generator,2026-06-04 23:10:56,2026-06-04 23:10:57
87,Alper Korkmaz,İşe Alım Müdürü,Senior,Netgsm,Kocaeli,Telekomünikasyon / MVNO,11-50,76,7,65,"Netgsm'da çalışanların İngilizce konuşma pratiğine sistematik erişimi olmadığından, yabancı müşteri/ortak toplantılarına hazırlık ciddi ölçüde zaman alıyor.","Netgsm özelinde: Roaming anlaşmaları, ekipman tedarikçi müzakereleri (Ericsson, Nokia vb.), GSMA standartları.",Şirketin uluslararası büyüme hedeflerini referans vererek İngilizce yetkinliğini stratejik bir HR yatırımı olarak konumlandır.,https://www.linkedin.com/in/alper-korkmaz-37,,enriched,Alper,Korkmaz,mock_generator,2026-06-04 23:10:56,2026-06-04 23:10:57
90,Berk Çelik,Senior İK Uzmanı,Senior,Petkim,Antalya,Üretim / Petrokimya,500+,5548,7,65,"Global tedarik zinciri yönetiminde Petkim'ın satın alma ve lojistik ekiplerinin yabancı tedarikçilerle İngilizce müzakere ve yazışma kapasitesi, maliyet ve temin süresini etkiliyor.","Petkim özelinde: Avrupa satış kanalları, Ar-Ge ortaklıkları ve tedarikçi müzakere süreçleri.",Çalışan gelişim bütçesinin İngilizce eğitimine ayrılan kısmının ölçülebilir iş çıktısına nasıl dönüştüğünü ROI diliyle anlat.,https://www.linkedin.com/in/berk-celik-72,bcelik@petkim.com.tr,enriched,Berk,Çelik,mock_generator,2026-06-04 23:10:56,2026-06-04 23:10:57
92,Serkan Güneş,HR Director,Director,Zorlu Holding,Antalya,Holding / Enerji & Tüketim,201-500,440,8,65,"Zorlu Holding'ın büyüme sürecinde uluslararası paydaşlarla iletişim kurulmasını gerektiren projelerde ekiplerin İngilizce iletişim güveninin yetersizliği, fırsatların değerlendirilmesini zorlaştırıyor.",Zorlu Holding özelinde: Çok uluslu iştiraki olan holdinglerde yönetim katmanında İngilizce raporlama ve yabancı ortak toplantıları.,Şirketin uluslararası büyüme hedeflerini referans vererek İngilizce yetkinliğini stratejik bir HR yatırımı olarak konumlandır.,https://www.linkedin.com/in/serkan-gunes-92,serkan.g@zorluholding.net,enriched,Serkan,Güneş,mock_generator,2026-06-04 23:10:56,2026-06-04 23:10:57
93,Murat Vardar,HRBP,Mid,ŞOK,İstanbul,Perakende / Gıda Zinciri,500+,53180,6,65,E-ticaret büyümesiyle birlikte ŞOK'ın cross-border satış ekipleri ve uluslararası alıcı/satıcı ilişki yönetiminde İngilizce iletişim kapasitesi operasyonel bir zorunluluk haline geliyor.,ŞOK özelinde: Perakende / Gıda Zinciri sektöründe uluslararası iş ilişkileri ve yabancı ortaklıklar.,Şirketin uluslararası büyüme hedeflerini referans vererek İngilizce yetkinliğini stratejik bir HR yatırımı olarak konumlandır.,,murat.v@sok.com,enriched,Murat,Vardar,mock_generator,2026-06-04 23:10:56,2026-06-04 23:10:57
94,Pınar Özcan,İK Koordinatörü,Junior,Kordsa,Kocaeli,Üretim / Teknik Tekstil & Kompozit,500+,2646,8,65,"Kordsa'ın Avrupa ihracat kanallarındaki alıcılarla teknik yazışmalar, kalite sertifikasyonu süreçleri ve OEM görüşmelerinde mühendislik ve satış ekiplerinin İngilizce yetkinliği ihracat gelirine dönüşüyor.","Kordsa özelinde: Avrupa satış kanalları, Ar-Ge ortaklıkları ve tedarikçi müzakere süreçleri.",Şirketin uluslararası büyüme hedeflerini referans vererek İngilizce yetkinliğini stratejik bir HR yatırımı olarak konumlandır.,https://www.linkedin.com/in/pinar-ozcan-10,pozcan@kordsa.net,enriched,Pınar,Özcan,mock_generator,2026-06-04 23:10:56,2026-06-04 23:10:57
95,Furkan Güzel,Kıdemli İnsan Kaynakları Uzmanı,Senior,Fibabanka,Ankara,Bankacılık / Özel Banka,500+,9857,8,65,Fibabanka'da muhabir bankacılık ve uluslararası sendikasyon kredisi süreçlerinde çalışan ekiplerin SWIFT mesajlaşma standartları ve İngilizce kredi dokümantasyonunu hatasız yönetmesi giderek daha kritik hale geliyor.,"Fibabanka özelinde: Muhabir bankacılık, uluslararası kredi sendikasyonları, FATCA/CRS uyum yazışmaları.",Muhabir bankacılık veya yabancı sermaye iletişim süreçlerini referans ver — bunlar İngilizce ihtiyacının en somut kanıtı.,https://www.linkedin.com/in/furkan-guzel-tr,furkan.g@fibabanka.net,enriched,Furkan,Güzel,mock_generator,2026-06-04 23:10:56,2026-06-04 23:10:57
96,Sibel Uysal,İK Koordinatörü,Junior,Aras Kargo,Gaziantep,Lojistik / Yurt İçi Kargo,500+,4790,10,65,"Yabancı havayolu, deniz taşımacılığı ve gümrük acenteleriyle Aras Kargo operasyon ekibinin günlük yazışmaları İngilizce yürütülüyor; gerçek zamanlı konuşma güveni olmadan iletişim kopuklukları kaçınılmaz oluyor.","Aras Kargo özelinde: Gümrük dokümantasyonu, uluslararası taşıma hukuku yazışmaları ve yabancı hub koordinasyonu.",Yabancı lojistik ortakları ve gümrük süreçlerindeki günlük İngilizce kullanımı somut bir problem olarak çerçevele.,https://www.linkedin.com/in/sibel-uysal-10,suysal@araskargo.com.tr,enriched,Sibel,Uysal,mock_generator,2026-06-04 23:10:56,2026-06-04 23:10:57
99,Alper Karaca,Senior HR Business Partner,Senior,Koç Holding,İstanbul,Holding / Çok Sektörlü Sanayi,500+,26096,7,65,"Koç Holding'ın büyüme sürecinde uluslararası paydaşlarla iletişim kurulmasını gerektiren projelerde ekiplerin İngilizce iletişim güveninin yetersizliği, fırsatların değerlendirilmesini zorlaştırıyor.",Koç Holding özelinde: Çok uluslu iştiraki olan holdinglerde yönetim katmanında İngilizce raporlama ve yabancı ortak toplantıları.,Çalışan gelişim bütçesinin İngilizce eğitimine ayrılan kısmının ölçülebilir iş çıktısına nasıl dönüştüğünü ROI diliyle anlat.,https://www.linkedin.com/in/alper-karaca-62,,enriched,Alper,Karaca,mock_generator,2026-06-04 23:10:56,2026-06-04 23:10:57
